{
  "mae": 0.42717064610153965,
  "rmse": 0.30315581272353903,
  "r2": 0.5361085009804332,
  "last_trained": "2026-07-07T23:03:15.471166",
  "n_samples": 1279
}